scenario_id,S,D,B,algorithm,run_id,status,fail_reason,total_delay,reliability_cost,resource_cost,total_cost,runtime_ms,path
1,5,100,0.5,ACO (Ant Colony),1,SUCCESS,,18.07088058799421,0.16289464275344706,6.169368059810537,8.114730966482309,1449.1696000004595,5->94->45->100
1,5,100,0.5,ACO (Ant Colony),2,SUCCESS,,16.921163648925415,0.08443668371695,3.887496010850108,6.933596753461018,1683.120499999859,5->2->100
1,5,100,0.5,ACO (Ant Colony),3,SUCCESS,,18.378036705239637,0.11839104441736314,2.7326626656433,7.032926463705532,1827.4776999987807,5->235->100
1,5,100,0.5,ACO (Ant Colony),4,SUCCESS,,16.23532602451882,0.08011453567226735,4.754698239365087,7.000692786247189,1712.8102000006038,5->11->66->100
1,5,100,0.5,ACO (Ant Colony),5,SUCCESS,,11.067065034478741,0.09740004084226613,2.8095991886644622,4.63953719900185,1544.943200000489,5->208->100
1,5,100,0.5,Genetik (GA),1,SUCCESS,,19.9411498345823,0.08007372897484917,4.424201481414,8.11123227965462,2520.8397999995213,5->126->100
1,5,100,0.5,Genetik (GA),2,SUCCESS,,19.151699575410447,0.12580621509930934,5.040073300780635,8.075201833133637,2254.8032000013336,5->143->100
1,5,100,0.5,Genetik (GA),3,SUCCESS,,18.110065158426398,0.06563031877231254,6.295235328706253,8.138359519235701,2168.220500001553,5->80->100
1,5,100,0.5,Genetik (GA),4,SUCCESS,,21.206115815367802,0.04064460031284112,4.012517709493643,8.375686958402452,2233.9389999997366,5->120->100
1,5,100,0.5,Genetik (GA),5,SUCCESS,,17.82430203886491,0.06771471607868697,3.018336702955453,6.930600008136242,2129.575599999953,5->79->100
1,5,100,0.5,Q-Learning,1,SUCCESS,,29.320465530031694,0.12744426838481193,3.290963511779774,10.83673782748257,323.9875999988726,5->7->100
1,5,100,0.5,Q-Learning,2,SUCCESS,,20.248021255005543,0.1320188021792004,3.1986406326183063,7.812951033961189,281.2744000002567,5->236->100
1,5,100,0.5,Q-Learning,3,SUCCESS,,14.378618626879996,0.10442509218526849,5.236442507444161,6.559794879822553,292.7540999990015,5->131->100
1,5,100,0.5,Q-Learning,4,SUCCESS,,12.124524868437643,0.06525782092176022,8.533534814643993,6.924030124467562,415.04389999863633,5->162->100
1,5,100,0.5,Q-Learning,5,SUCCESS,,20.479267576703293,0.06855472041916041,2.2743949682903417,7.554075647269126,509.5562999995309,5->1->100
1,5,100,0.5,Simulated Annealing (SA),1,SUCCESS,,11.067065034478741,0.09740004084226613,2.8095991886644622,4.63953719900185,22.69200000046112,5->208->100
1,5,100,0.5,Simulated Annealing (SA),2,SUCCESS,,11.067065034478741,0.09740004084226613,2.8095991886644622,4.63953719900185,19.06830000007176,5->208->100
1,5,100,0.5,Simulated Annealing (SA),3,SUCCESS,,11.067065034478741,0.09740004084226613,2.8095991886644622,4.63953719900185,19.122499999866704,5->208->100
1,5,100,0.5,Simulated Annealing (SA),4,SUCCESS,,11.067065034478741,0.09740004084226613,2.8095991886644622,4.63953719900185,18.985200000315672,5->208->100
1,5,100,0.5,Simulated Annealing (SA),5,SUCCESS,,11.067065034478741,0.09740004084226613,2.8095991886644622,4.63953719900185,19.54229999864765,5->208->100
2,10,200,1.0,ACO (Ant Colony),1,SUCCESS,,29.393914977177875,0.09321690853138917,6.000135625971137,11.770799635114244,3165.6309999998484,10->146->200
2,10,200,1.0,ACO (Ant Colony),2,SUCCESS,,24.62675345225622,0.1521829941494448,4.678764497577504,9.767828956490222,2841.4730000004056,10->204->104->200
2,10,200,1.0,ACO (Ant Colony),3,SUCCESS,,23.149759600015223,0.1259433532573831,3.3346442374563967,8.814761015315135,2645.660999998654,10->195->200
2,10,200,1.0,ACO (Ant Colony),4,SUCCESS,,25.45964376948252,0.18165181455481005,7.415961267207463,10.983054373582856,3184.7064000012324,10->9->42->200
2,10,200,1.0,ACO (Ant Colony),5,SUCCESS,,17.256511317153425,0.10947278609507347,2.720637879728905,6.655791633179833,2173.86869999973,10->106->200
2,10,200,1.0,Genetik (GA),1,SUCCESS,,15.700434986248101,0.08825222959797785,3.201248229445096,6.298691179240539,4817.085399999996,10->19->200
2,10,200,1.0,Genetik (GA),2,SUCCESS,,19.026097747367757,0.1447404631390208,4.906080158563259,7.994443863378745,5012.152400000559,10->45->91->200
2,10,200,1.0,Genetik (GA),3,SUCCESS,,19.964566801036526,0.1801595379252551,4.907000114021683,8.31613973062476,5208.508899999288,10->113->180->200
2,10,200,1.0,Genetik (GA),4,SUCCESS,,10.459628883422877,0.1500109825314382,2.4073373830077376,4.319675865987555,4607.619899999918,10->134->200
2,10,200,1.0,Genetik (GA),5,SUCCESS,,15.0075666376589,0.08384871032121083,6.481836461065301,7.18399146159564,3722.619299998769,10->50->200
2,10,200,1.0,Q-Learning,1,SUCCESS,,11.52396658017982,0.11055986341011233,4.006878138714599,5.201732293547642,332.0167000001675,10->75->200
2,10,200,1.0,Q-Learning,2,SUCCESS,,16.47294566883363,0.1319488637955853,3.4026721092927863,6.63652371292719,311.4189999996597,10->144->200
2,10,200,1.0,Q-Learning,3,SUCCESS,,40.933686969383146,0.18965689830294444,15.614226306455798,18.87954042053138,355.99569999976666,10->115->137->200
2,10,200,1.0,Q-Learning,4,SUCCESS,,28.27287525556086,0.15296262700607577,3.5591083137084274,10.590623327907956,373.16830000054324,10->218->57->200
2,10,200,1.0,Q-Learning,5,SUCCESS,,18.61224015510923,0.17014718416298816,5.998790904834294,8.237776729603492,370.9435000000667,10->179->161->200
2,10,200,1.0,Simulated Annealing (SA),1,SUCCESS,,9.277422082952041,0.11523642399967189,2.1831034644096574,3.8418324851933487,3.778000000238535,10->179->200
2,10,200,1.0,Simulated Annealing (SA),2,SUCCESS,,9.277422082952041,0.11523642399967189,2.1831034644096574,3.8418324851933487,3.8585000002058223,10->179->200
2,10,200,1.0,Simulated Annealing (SA),3,SUCCESS,,9.277422082952041,0.11523642399967189,2.1831034644096574,3.8418324851933487,3.519300000334624,10->179->200
2,10,200,1.0,Simulated Annealing (SA),4,SUCCESS,,9.277422082952041,0.11523642399967189,2.1831034644096574,3.8418324851933487,3.798700001425459,10->179->200
2,10,200,1.0,Simulated Annealing (SA),5,SUCCESS,,9.277422082952041,0.11523642399967189,2.1831034644096574,3.8418324851933487,3.481100000499282,10->179->200
3,15,150,1.5,ACO (Ant Colony),1,SUCCESS,,14.855615077663586,0.09388815226453492,8.660059685100508,7.877756358810453,1794.3619999987277,15->92->150
3,15,150,1.5,ACO (Ant Colony),2,SUCCESS,,22.39653276247536,0.2093947959677026,4.930065903979444,9.136178501639222,1444.1710999999486,15->16->109->150
3,15,150,1.5,ACO (Ant Colony),3,SUCCESS,,25.358298232226506,0.11666832400071767,3.7566500554745916,9.683999982416346,1721.8290999990131,15->117->150
3,15,150,1.5,ACO (Ant Colony),4,SUCCESS,,18.618833579695636,0.11301598004807642,3.0219348992167845,7.208968220449132,1671.255100000053,15->71->150
3,15,150,1.5,ACO (Ant Colony),5,SUCCESS,,20.930656189496293,0.1712024288712447,2.397872740035834,7.778890075673472,1281.6631000005145,15->240->150
3,15,150,1.5,Genetik (GA),1,SUCCESS,,27.144015835401863,0.19566271166809046,5.433520617268144,10.869490930404254,2526.4517000014166,15->82->42->150
3,15,150,1.5,Genetik (GA),2,SUCCESS,,16.392305868625776,0.12049761421791491,2.39640245358159,6.264001983556159,2748.6395000014454,15->67->150
3,15,150,1.5,Genetik (GA),3,SUCCESS,,23.865156769494465,0.1340711574528329,4.529108264272145,9.459642025745138,2490.027199999531,15->82->150
3,15,150,1.5,Genetik (GA),4,SUCCESS,,19.824707090982105,0.0921931399029681,6.501692962193781,8.78315268333796,2531.5620000001218,15->39->150
3,15,150,1.5,Genetik (GA),5,SUCCESS,,26.867111497782922,0.20784441835323111,9.104044951496551,12.030110735833759,3000.416299999415,15->164->56->150
3,15,150,1.5,Q-Learning,1,SUCCESS,,32.34528740483823,0.17438435579120032,5.732081354045618,12.680399341383223,585.9521999991557,15->131->62->150
3,15,150,1.5,Q-Learning,2,SUCCESS,,19.288652612031953,0.15520029692157283,12.574353312105426,10.69175158607051,589.613800000734,15->111->130->150
3,15,150,1.5,Q-Learning,3,SUCCESS,,18.618833579695636,0.11301598004807642,3.0219348992167845,7.208968220449132,493.78059999980906,15->71->150
3,15,150,1.5,Q-Learning,4,SUCCESS,,27.881397016810862,0.15868083963041774,5.882653786450348,11.253327980018739,573.2016999991174,15->16->222->150
3,15,150,1.5,Q-Learning,5,SUCCESS,,13.384206139147105,0.11844633912088193,11.111404664844601,8.233752903875601,487.19249999885506,15->89->150
3,15,150,1.5,Simulated Annealing (SA),1,SUCCESS,,10.981753050548942,0.08811815527919474,3.3761860994940953,4.800960771751278,22.705599998516846,15->125->150
3,15,150,1.5,Simulated Annealing (SA),2,SUCCESS,,10.981753050548942,0.08811815527919474,3.3761860994940953,4.800960771751278,22.378500001650536,15->125->150
3,15,150,1.5,Simulated Annealing (SA),3,SUCCESS,,10.981753050548942,0.08811815527919474,3.3761860994940953,4.800960771751278,23.586400000567664,15->125->150
3,15,150,1.5,Simulated Annealing (SA),4,SUCCESS,,10.981753050548942,0.08811815527919474,3.3761860994940953,4.800960771751278,25.563400000464753,15->125->150
3,15,150,1.5,Simulated Annealing (SA),5,SUCCESS,,10.981753050548942,0.08811815527919474,3.3761860994940953,4.800960771751278,25.792100001126528,15->125->150
4,20,180,2.0,ACO (Ant Colony),1,SUCCESS,,15.81503323554771,0.09642203621164024,2.8543643463095965,6.221264117425848,3004.0468999995937,20->100->180
4,20,180,2.0,ACO (Ant Colony),2,SUCCESS,,15.739264900759597,0.11413151865960325,4.10177081055253,6.6262228939961965,1263.927900001363,20->168->180
4,20,180,2.0,ACO (Ant Colony),3,SUCCESS,,35.57647226077625,0.14275788245134668,7.897879461954513,14.472624964329642,3095.896200000425,20->190->213->180
4,20,180,2.0,ACO (Ant Colony),4,SUCCESS,,24.240512380913593,0.2385891563010228,3.730181126465279,9.346365090279017,2723.424999998315,20->146->44->180
4,20,180,2.0,ACO (Ant Colony),5,SUCCESS,,27.947370244378465,0.12051505235936787,4.041092630233216,10.636373642202779,2932.9846000000543,20->106->180
4,20,180,2.0,Genetik (GA),1,SUCCESS,,26.943690108014565,0.1678085458080077,4.896165593658788,10.611490857605435,3286.7717999997694,20->82->249->180
4,20,180,2.0,Genetik (GA),2,SUCCESS,,47.68029766598679,0.2967289823548543,5.455606936350144,17.687325152311793,2189.623099999153,20->236->195->29->180
4,20,180,2.0,Genetik (GA),3,SUCCESS,,17.601298659793198,0.24893085725942282,3.1801983381867696,6.971843175610866,2187.030399998548,20->231->134->180
4,20,180,2.0,Genetik (GA),4,SUCCESS,,15.22636964003603,0.11442189760976065,4.006648239511202,6.4247216088569195,2144.1162999999506,20->4->180
4,20,180,2.0,Genetik (GA),5,SUCCESS,,16.97838170527041,0.13619905597493856,3.463129927103341,6.825275826426102,2100.1892000003863,20->210->180
4,20,180,2.0,Q-Learning,1,SUCCESS,,20.931492483702566,0.10971651840897506,4.809781339672215,8.578924626185362,258.9079999997921,20->30->180
4,20,180,2.0,Q-Learning,2,SUCCESS,,14.365733018529802,0.11129891489310541,4.371758682401565,6.263818490046092,297.5912000001699,20->184->180
4,20,180,2.0,Q-Learning,3,SUCCESS,,29.955441644228348,0.17570564653237036,4.914595125774218,11.614240948714272,311.71009999889066,20->4->143->180
4,20,180,2.0,Q-Learning,4,SUCCESS,,15.81503323554771,0.09642203621164024,2.8543643463095965,6.221264117425848,310.5470000009518,20->100->180
4,20,180,2.0,Q-Learning,5,SUCCESS,,12.282490835398288,0.1466643978770649,2.2871237760618035,4.87924331084188,284.05539999948815,20->126->180
4,20,180,2.0,Simulated Annealing (SA),1,SUCCESS,,12.282490835398288,0.1466643978770649,2.2871237760618035,4.87924331084188,12.807500001144945,20->126->180
4,20,180,2.0,Simulated Annealing (SA),2,SUCCESS,,12.282490835398288,0.1466643978770649,2.2871237760618035,4.87924331084188,12.842300000556861,20->126->180
4,20,180,2.0,Simulated Annealing (SA),3,SUCCESS,,12.282490835398288,0.1466643978770649,2.2871237760618035,4.87924331084188,12.695800000074087,20->126->180
4,20,180,2.0,Simulated Annealing (SA),4,SUCCESS,,12.282490835398288,0.1466643978770649,2.2871237760618035,4.87924331084188,12.924000000566593,20->126->180
4,20,180,2.0,Simulated Annealing (SA),5,SUCCESS,,12.282490835398288,0.1466643978770649,2.2871237760618035,4.87924331084188,12.931499999467633,20->126->180
5,25,220,0.5,ACO (Ant Colony),1,SUCCESS,,16.579306312907377,0.20032458190120392,3.428543601007833,6.702983019629496,1131.0479000003397,25->164->220
5,25,220,0.5,ACO (Ant Colony),2,SUCCESS,,21.971720586795392,0.13626770701134708,2.2552203433422506,8.062411053692589,1536.9151999984751,25->225->220
5,25,220,0.5,ACO (Ant Colony),3,SUCCESS,,25.485778902696577,0.24444059983194466,5.581735223279267,10.388762411749362,1803.2675000013114,25->213->23->220
5,25,220,0.5,ACO (Ant Colony),4,SUCCESS,,16.968919400889806,0.18416777704456058,3.3580382222219014,6.802251764273788,1560.288999999102,25->187->220
5,25,220,0.5,ACO (Ant Colony),5,SUCCESS,,12.871317719382738,0.14338369385077157,4.872116471925995,5.951371066821897,1088.3123000003252,25->78->220
5,25,220,0.5,Genetik (GA),1,SUCCESS,,33.675796560914385,0.2318972616415114,10.727367638298242,14.836843958464849,2222.9401000004145,25->193->16->111->220
5,25,220,0.5,Genetik (GA),2,SUCCESS,,38.139493108861686,0.21409241631034862,4.156849033052799,14.070011894544724,2351.058899999771,25->27->17->220
5,25,220,0.5,Genetik (GA),3,SUCCESS,,14.435315131329846,0.18248378580013247,3.0393310253784582,5.857246191281568,2197.0894999994925,25->218->220
5,25,220,0.5,Genetik (GA),4,SUCCESS,,32.70167513397982,0.3075328206149568,9.378137739442971,14.081605456426889,3869.048099999418,25->8->76->116->220
5,25,220,0.5,Genetik (GA),5,SUCCESS,,23.584290294544022,0.15016160859406635,10.371171234765002,11.35856734785567,4153.767800000423,25->43->220
5,25,220,0.5,Q-Learning,1,SUCCESS,,33.47922127063649,0.1802083963295031,3.711054602610547,12.369370354986364,544.7889000006398,25->225->6->220
5,25,220,0.5,Q-Learning,2,SUCCESS,,13.51429995004733,0.17392565315939307,4.817573115258361,6.155089308246062,436.9717999998102,25->18->220
5,25,220,0.5,Q-Learning,3,SUCCESS,,25.234766249431022,0.16803959937862242,2.7376696280202757,9.313733603634077,547.1003000002383,25->90->220
5,25,220,0.5,Q-Learning,4,SUCCESS,,25.234766249431022,0.16803959937862242,2.7376696280202757,9.313733603634077,440.4699000006076,25->90->220
5,25,220,0.5,Q-Learning,5,SUCCESS,,42.7944519210195,0.20481971691806358,9.93393589614724,17.56729784520946,555.8332999989943,25->188->167->220
5,25,220,0.5,Simulated Annealing (SA),1,SUCCESS,,9.127502987680998,0.19513331612698043,3.243304157932975,4.179193393953844,10.329400000046007,25->119->220
5,25,220,0.5,Simulated Annealing (SA),2,SUCCESS,,9.127502987680998,0.19513331612698043,3.243304157932975,4.179193393953844,11.048399999708636,25->119->220
5,25,220,0.5,Simulated Annealing (SA),3,SUCCESS,,9.127502987680998,0.19513331612698043,3.243304157932975,4.179193393953844,10.528099999646656,25->119->220
5,25,220,0.5,Simulated Annealing (SA),4,SUCCESS,,9.127502987680998,0.19513331612698043,3.243304157932975,4.179193393953844,10.29029999881459,25->119->220
5,25,220,0.5,Simulated Annealing (SA),5,SUCCESS,,9.127502987680998,0.19513331612698043,3.243304157932975,4.179193393953844,10.590300000330899,25->119->220
6,30,50,1.0,ACO (Ant Colony),1,SUCCESS,,12.28798586513579,0.07884453050115006,8.306164777852194,6.905150055029936,934.7629999992932,30->50
6,30,50,1.0,ACO (Ant Colony),2,SUCCESS,,12.28798586513579,0.07884453050115006,8.306164777852194,6.905150055029936,1026.326400000471,30->50
6,30,50,1.0,ACO (Ant Colony),3,SUCCESS,,12.28798586513579,0.07884453050115006,8.306164777852194,6.905150055029936,1973.7552000005962,30->50
6,30,50,1.0,ACO (Ant Colony),4,SUCCESS,,12.28798586513579,0.07884453050115006,8.306164777852194,6.905150055029936,1402.6044999991427,30->50
6,30,50,1.0,ACO (Ant Colony),5,SUCCESS,,16.8465215204146,0.12384285914414686,9.486322940762992,8.825570045113805,1957.491699999082,30->161->50
6,30,50,1.0,Genetik (GA),1,SUCCESS,,12.28798586513579,0.07884453050115006,8.306164777852194,6.905150055029936,629.6602000002167,30->50
6,30,50,1.0,Genetik (GA),2,SUCCESS,,12.28798586513579,0.07884453050115006,8.306164777852194,6.905150055029936,441.85010000001057,30->50
6,30,50,1.0,Genetik (GA),3,SUCCESS,,12.28798586513579,0.07884453050115006,8.306164777852194,6.905150055029936,4149.5894999989105,30->50
6,30,50,1.0,Genetik (GA),4,SUCCESS,,18.796492070730316,0.15555677530596765,3.9251046214982352,7.588711690501373,4905.669699999635,30->131->50
6,30,50,1.0,Genetik (GA),5,SUCCESS,,12.28798586513579,0.07884453050115006,8.306164777852194,6.905150055029936,629.1323000004923,30->50
6,30,50,1.0,Q-Learning,1,SUCCESS,,18.796492070730316,0.15555677530596765,3.9251046214982352,7.588711690501373,455.29270000042743,30->131->50
6,30,50,1.0,Q-Learning,2,SUCCESS,,12.28798586513579,0.07884453050115006,8.306164777852194,6.905150055029936,330.0949999993463,30->50
6,30,50,1.0,Q-Learning,3,SUCCESS,,12.28798586513579,0.07884453050115006,8.306164777852194,6.905150055029936,403.0091000004177,30->50
6,30,50,1.0,Q-Learning,4,SUCCESS,,37.22312554981917,0.17132948504222092,8.531487056754717,15.240875760800863,546.5183999986039,30->28->198->50
6,30,50,1.0,Q-Learning,5,SUCCESS,,19.107696767306184,0.11966323115808984,4.859225168021675,7.997165356620581,484.2807000004541,30->118->50
6,30,50,1.0,Simulated Annealing (SA),1,SUCCESS,,14.597149940945958,0.1337266168061251,2.7252831209590864,5.787785525184278,27.868199998920318,30->97->50
6,30,50,1.0,Simulated Annealing (SA),2,SUCCESS,,14.597149940945958,0.1337266168061251,2.7252831209590864,5.787785525184278,27.845199998409953,30->97->50
6,30,50,1.0,Simulated Annealing (SA),3,SUCCESS,,14.597149940945958,0.1337266168061251,2.7252831209590864,5.787785525184278,27.79960000043502,30->97->50
6,30,50,1.0,Simulated Annealing (SA),4,SUCCESS,,14.597149940945958,0.1337266168061251,2.7252831209590864,5.787785525184278,27.347999999619788,30->97->50
6,30,50,1.0,Simulated Annealing (SA),5,SUCCESS,,14.597149940945958,0.1337266168061251,2.7252831209590864,5.787785525184278,28.979899998375913,30->97->50
7,35,120,1.5,ACO (Ant Colony),1,SUCCESS,,12.485405077740342,0.057455110611128936,3.3231453447021777,5.269013279354726,741.3765999990574,35->120
7,35,120,1.5,ACO (Ant Colony),2,SUCCESS,,12.485405077740342,0.057455110611128936,3.3231453447021777,5.269013279354726,675.7219999999506,35->120
7,35,120,1.5,ACO (Ant Colony),3,SUCCESS,,12.485405077740342,0.057455110611128936,3.3231453447021777,5.269013279354726,2329.7880000009172,35->120
7,35,120,1.5,ACO (Ant Colony),4,SUCCESS,,12.485405077740342,0.057455110611128936,3.3231453447021777,5.269013279354726,1371.1819000000105,35->120
7,35,120,1.5,ACO (Ant Colony),5,SUCCESS,,12.485405077740342,0.057455110611128936,3.3231453447021777,5.269013279354726,1198.526899999706,35->120
7,35,120,1.5,Genetik (GA),1,SUCCESS,,27.135300235724678,0.20845982169532837,5.571935067959056,10.917898742054682,5109.556200000952,35->0->45->120
7,35,120,1.5,Genetik (GA),2,SUCCESS,,8.850132532929633,0.08862076423343901,5.542605072112306,4.834274312581998,4964.939600000434,35->47->120
7,35,120,1.5,Genetik (GA),3,SUCCESS,,32.98434736819579,0.24486556721928288,6.534711803993789,13.187442282044863,4775.914299998476,35->131->64->104->120
7,35,120,1.5,Genetik (GA),4,SUCCESS,,12.485405077740342,0.057455110611128936,3.3231453447021777,5.269013279354726,604.9588999994739,35->120
7,35,120,1.5,Genetik (GA),5,SUCCESS,,17.48963563794552,0.1310128739854038,10.322665796808508,9.324520379852098,5069.148700000369,35->224->120
7,35,120,1.5,Q-Learning,1,SUCCESS,,24.50823091590113,0.2004717083505843,15.154232617277895,13.30631095587755,703.6730999989231,35->46->144->120
7,35,120,1.5,Q-Learning,2,SUCCESS,,25.611592185252167,0.10010690815117484,4.290232100524437,9.943539615001411,521.4877000016713,35->242->120
7,35,120,1.5,Q-Learning,3,SUCCESS,,18.733691852095376,0.12984931539203445,9.94406812269092,9.60595174698576,554.3917000013607,35->19->120
7,35,120,1.5,Q-Learning,4,SUCCESS,,18.733691852095376,0.12984931539203445,9.94406812269092,9.60595174698576,499.20359999850916,35->19->120
7,35,120,1.5,Q-Learning,5,SUCCESS,,12.485405077740342,0.057455110611128936,3.3231453447021777,5.269013279354726,423.23469999973895,35->120
7,35,120,1.5,Simulated Annealing (SA),1,SUCCESS,,9.917104502716493,0.11284568567763949,4.323551336484602,4.779891016574829,17.295899999226094,35->179->120
7,35,120,1.5,Simulated Annealing (SA),2,SUCCESS,,9.917104502716493,0.11284568567763949,4.323551336484602,4.779891016574829,16.68439999957627,35->179->120
7,35,120,1.5,Simulated Annealing (SA),3,SUCCESS,,9.917104502716493,0.11284568567763949,4.323551336484602,4.779891016574829,18.304199998965487,35->179->120
7,35,120,1.5,Simulated Annealing (SA),4,SUCCESS,,9.917104502716493,0.11284568567763949,4.323551336484602,4.779891016574829,17.208600000230945,35->179->120
7,35,120,1.5,Simulated Annealing (SA),5,SUCCESS,,9.917104502716493,0.11284568567763949,4.323551336484602,4.779891016574829,17.085100000258535,35->179->120
8,40,190,2.0,ACO (Ant Colony),1,SUCCESS,,12.189411315906069,0.1291727701600999,2.2997163744166884,4.84703631570351,1693.918400000257,40->160->190
8,40,190,2.0,ACO (Ant Colony),2,SUCCESS,,11.134092488133652,0.07426573200537034,1.7773780619154291,4.303066753697123,1702.2091999988334,40->190
8,40,190,2.0,ACO (Ant Colony),3,SUCCESS,,11.134092488133652,0.07426573200537034,1.7773780619154291,4.303066753697123,903.6541000004945,40->190
8,40,190,2.0,ACO (Ant Colony),4,SUCCESS,,11.134092488133652,0.07426573200537034,1.7773780619154291,4.303066753697123,1199.9993000008544,40->190
8,40,190,2.0,ACO (Ant Colony),5,SUCCESS,,11.134092488133652,0.07426573200537034,1.7773780619154291,4.303066753697123,2681.7086999999447,40->190
8,40,190,2.0,Genetik (GA),1,SUCCESS,,35.49524866875295,0.25955248058257013,16.89931250933262,17.544850632453812,4988.863600001423,40->175->185->224->190
8,40,190,2.0,Genetik (GA),2,SUCCESS,,14.18096745164686,0.07487931779153804,7.104042735704242,7.119803964054114,4196.16490000044,40->208->190
8,40,190,2.0,Genetik (GA),3,SUCCESS,,11.134092488133652,0.07426573200537034,1.7773780619154291,4.303066753697123,736.1079999991489,40->190
8,40,190,2.0,Genetik (GA),4,SUCCESS,,11.134092488133652,0.07426573200537034,1.7773780619154291,4.303066753697123,493.49919999986014,40->190
8,40,190,2.0,Genetik (GA),5,SUCCESS,,15.95190716927914,0.09741821929120065,5.401353145867358,7.132737447823114,4411.730199999511,40->98->190
8,40,190,2.0,Q-Learning,1,SUCCESS,,42.277861906317014,0.09684211293263442,7.041917764653888,16.377904366334707,566.7145999996137,40->112->213->190
8,40,190,2.0,Q-Learning,2,SUCCESS,,18.2410762548078,0.09919421548376885,7.286137026992968,8.529575844373827,470.55399999953806,40->100->190
8,40,190,2.0,Q-Learning,3,SUCCESS,,11.134092488133652,0.07426573200537034,1.7773780619154291,4.303066753697123,339.7170999996888,40->190
8,40,190,2.0,Q-Learning,4,SUCCESS,,24.50939968481757,0.10250115639154746,3.413082843695471,9.282375444455468,438.8484999999491,40->57->190
8,40,190,2.0,Q-Learning,5,SUCCESS,,11.134092488133652,0.07426573200537034,1.7773780619154291,4.303066753697123,340.98009999979695,40->190
8,40,190,2.0,Simulated Annealing (SA),1,SUCCESS,,11.134092488133652,0.07426573200537034,1.7773780619154291,4.303066753697123,10.508800000025076,40->190
8,40,190,2.0,Simulated Annealing (SA),2,SUCCESS,,11.134092488133652,0.07426573200537034,1.7773780619154291,4.303066753697123,10.408999998617219,40->190
8,40,190,2.0,Simulated Annealing (SA),3,SUCCESS,,11.134092488133652,0.07426573200537034,1.7773780619154291,4.303066753697123,10.787799999889103,40->190
8,40,190,2.0,Simulated Annealing (SA),4,SUCCESS,,11.134092488133652,0.07426573200537034,1.7773780619154291,4.303066753697123,12.495100001615356,40->190
8,40,190,2.0,Simulated Annealing (SA),5,SUCCESS,,11.134092488133652,0.07426573200537034,1.7773780619154291,4.303066753697123,11.695099999997183,40->190
9,45,80,0.5,ACO (Ant Colony),1,SUCCESS,,19.90182398171487,0.19144115959894778,10.944591060218274,10.351938457107774,2796.822599999359,45->133->95->80
9,45,80,0.5,ACO (Ant Colony),2,SUCCESS,,18.189565874454523,0.04968480848933934,3.1985266024603307,7.106451770207987,1878.2744000000093,45->212->80
9,45,80,0.5,ACO (Ant Colony),3,SUCCESS,,10.60187095037938,0.1044977563126441,14.308091494538104,8.397852781351325,2741.8412000006356,45->8->80
9,45,80,0.5,ACO (Ant Colony),4,SUCCESS,,27.34419007291586,0.14028491567936235,5.113766748395296,10.808557440690825,3148.3339999995223,45->24->110->80
9,45,80,0.5,ACO (Ant Colony),5,SUCCESS,,17.002043527507844,0.089552705071209,2.907997417167084,6.6289458785878965,2005.7276999996247,45->0->80
9,45,80,0.5,Genetik (GA),1,SUCCESS,,23.553356632672156,0.1246144087414488,3.8845485286845127,9.134476943419225,4805.479700000433,45->180->80
9,45,80,0.5,Genetik (GA),2,SUCCESS,,35.35147976659118,0.22772406714849885,8.348603321457293,14.579662394429576,4908.927399999811,45->230->227->23->80
9,45,80,0.5,Genetik (GA),3,SUCCESS,,28.437295395843403,0.1373858446438303,4.547402642460146,10.975761707797236,4716.464500001166,45->52->31->80
9,45,80,0.5,Genetik (GA),4,SUCCESS,,25.126070183379756,0.11011470898904568,5.661663623057504,10.252906646321257,4316.2142999990465,45->240->80
9,45,80,0.5,Genetik (GA),5,SUCCESS,,38.88354811721754,0.150109706853139,5.636847425316393,14.797635206550899,4495.95489999956,45->30->38->117->80
9,45,80,0.5,Q-Learning,1,SUCCESS,,32.97285365986548,0.22911967222843616,9.318780435768286,14.12503654775221,607.774199999767,45->235->78->100->80
9,45,80,0.5,Q-Learning,2,SUCCESS,,15.20772219078825,0.06799881423415702,3.8795655255777373,6.360040210353825,481.64729999916744,45->76->80
9,45,80,0.5,Q-Learning,3,SUCCESS,,33.9820334588411,0.14807623682470267,10.395365265582633,14.79736038986781,628.9118000004237,45->50->144->80
9,45,80,0.5,Q-Learning,4,SUCCESS,,48.122672061409254,0.1974932887870074,15.493264193867025,21.213364391479555,782.5009000007412,45->77->68->0->80
9,45,80,0.5,Q-Learning,5,SUCCESS,,22.121515672558026,0.09817966958472785,2.6391103914863328,8.229796996012462,557.6068999998824,45->4->80
9,45,80,0.5,Simulated Annealing (SA),1,SUCCESS,,12.009769404776002,0.10176920605563462,3.7775031692502754,5.2811588191195336,18.447399999786285,45->79->80
9,45,80,0.5,Simulated Annealing (SA),2,SUCCESS,,12.009769404776002,0.10176920605563462,3.7775031692502754,5.2811588191195336,20.206600000165054,45->79->80
9,45,80,0.5,Simulated Annealing (SA),3,SUCCESS,,12.009769404776002,0.10176920605563462,3.7775031692502754,5.2811588191195336,17.71340000050259,45->79->80
9,45,80,0.5,Simulated Annealing (SA),4,SUCCESS,,12.009769404776002,0.10176920605563462,3.7775031692502754,5.2811588191195336,18.271400000230642,45->79->80
9,45,80,0.5,Simulated Annealing (SA),5,SUCCESS,,12.009769404776002,0.10176920605563462,3.7775031692502754,5.2811588191195336,17.868999999336665,45->79->80
10,50,240,1.0,ACO (Ant Colony),1,SUCCESS,,20.860757830103736,0.17831204195527295,7.607359581494851,9.529395315487722,3105.9543999999732,50->26->126->240
10,50,240,1.0,ACO (Ant Colony),2,SUCCESS,,24.57750593409249,0.14440604656983227,6.703987663966576,10.437586759367203,3206.8426000005275,50->26->222->240
10,50,240,1.0,ACO (Ant Colony),3,SUCCESS,,27.54042544335907,0.15644005087727453,3.935829741388237,10.478147725169995,2976.1154999996506,50->136->19->240
10,50,240,1.0,ACO (Ant Colony),4,SUCCESS,,18.075768854242487,0.11283292810303368,2.8213716630368864,6.961504953606563,2353.1544000015856,50->86->240
10,50,240,1.0,ACO (Ant Colony),5,SUCCESS,,18.626886439348052,0.12941122997581797,5.075758527466387,7.915336130215449,2609.7754999991594,50->138->240
10,50,240,1.0,Genetik (GA),1,SUCCESS,,18.626886439348052,0.12941122997581797,5.075758527466387,7.915336130215449,5556.081900000208,50->138->240
10,50,240,1.0,Genetik (GA),2,SUCCESS,,23.457900320005322,0.13327288641124718,2.7340391811388045,8.714660479704662,5151.917499999399,50->131->240
10,50,240,1.0,Genetik (GA),3,SUCCESS,,25.437698009785997,0.1634506473943887,4.601182088374952,10.012780966917012,5702.959899999769,50->136->177->240
10,50,240,1.0,Genetik (GA),4,SUCCESS,,38.40577463799788,0.13887272654086896,7.035370450964898,15.111759583625853,5198.204599999372,50->188->139->240
10,50,240,1.0,Genetik (GA),5,SUCCESS,,29.43522288610903,0.099029168499249,4.438147120951197,11.25527319914414,5385.369100000389,50->170->162->240
10,50,240,1.0,Q-Learning,1,SUCCESS,,12.164232789795113,0.10654781369130722,4.485578758585777,5.574454377069683,508.1856999986485,50->225->240
10,50,240,1.0,Q-Learning,2,SUCCESS,,32.705403267287195,0.19187315139617778,6.629915793415803,13.110272587926886,538.2771000004141,50->198->65->240
10,50,240,1.0,Q-Learning,3,SUCCESS,,33.023139742013825,0.16879721439743745,14.219329862047626,15.78791134871191,527.8453999999329,50->112->119->240
10,50,240,1.0,Q-Learning,4,SUCCESS,,35.419136716360626,0.28197043055090637,8.091932556824812,14.532622427801243,616.1353999996209,50->172->236->165->240
10,50,240,1.0,Q-Learning,5,SUCCESS,,13.558397411932717,0.14709534157534285,2.981358075494431,5.536474354325767,510.8498999998119,50->87->240
10,50,240,1.0,Simulated Annealing (SA),1,SUCCESS,,10.921579569058618,0.09638392615697702,3.0302166491297307,4.666201614125255,23.39919999940321,50->176->240
10,50,240,1.0,Simulated Annealing (SA),2,SUCCESS,,10.921579569058618,0.09638392615697702,3.0302166491297307,4.666201614125255,24.225899998782552,50->176->240
10,50,240,1.0,Simulated Annealing (SA),3,SUCCESS,,10.921579569058618,0.09638392615697702,3.0302166491297307,4.666201614125255,12.723799998639151,50->176->240
10,50,240,1.0,Simulated Annealing (SA),4,SUCCESS,,10.921579569058618,0.09638392615697702,3.0302166491297307,4.666201614125255,10.422600000310922,50->176->240
10,50,240,1.0,Simulated Annealing (SA),5,SUCCESS,,10.921579569058618,0.09638392615697702,3.0302166491297307,4.666201614125255,10.291499998857034,50->176->240
11,55,130,1.5,ACO (Ant Colony),1,SUCCESS,,23.173749367381077,0.126037393927419,4.086035358553856,9.078181653140115,2164.4957000007707,55->237->130
11,55,130,1.5,ACO (Ant Colony),2,SUCCESS,,15.958556501954217,0.12254643857576555,3.1356472308867795,6.372884028876399,2668.988800000079,55->34->130
11,55,130,1.5,ACO (Ant Colony),3,SUCCESS,,21.110338053545433,0.10185130139333172,6.22254880843802,9.11568908199872,1999.9590999996144,55->190->130
11,55,130,1.5,ACO (Ant Colony),4,SUCCESS,,12.317443217586804,0.13735111210604348,3.8484182494046677,5.418544333596227,1839.9430000008579,55->28->130
11,55,130,1.5,ACO (Ant Colony),5,SUCCESS,,14.626178263333538,0.15079906936490686,2.692497406476039,5.79185163799234,2070.1220000009926,55->108->130
11,55,130,1.5,Genetik (GA),1,SUCCESS,,23.665311044896146,0.20948027580456335,6.932261650665993,10.235650097057672,3785.6028999995033,55->31->102->130
11,55,130,1.5,Genetik (GA),2,SUCCESS,,26.319476573498974,0.19520605098690877,12.645914845233847,13.04945631345985,4522.28500000092,55->96->188->130
11,55,130,1.5,Genetik (GA),3,SUCCESS,,40.07722432167848,0.2271672479329628,8.591776108629558,16.221653094905825,4378.930999999284,55->126->89->48->130
11,55,130,1.5,Genetik (GA),4,SUCCESS,,26.183398246065664,0.1705706715359684,8.441670703723375,11.566977782074487,3640.860999999859,55->162->205->130
11,55,130,1.5,Genetik (GA),5,SUCCESS,,29.701830176101247,0.13814200977836766,4.44866459566555,11.35973678386656,3891.2892999996984,55->173->130
11,55,130,1.5,Q-Learning,1,SUCCESS,,19.3439154771226,0.11985211200215039,4.127366236181284,7.826347824712805,523.9933000011661,55->142->130
11,55,130,1.5,Q-Learning,2,SUCCESS,,18.15162576131853,0.13494166170810717,8.394853454150288,8.88881742400989,539.39679999894,55->96->1->130
11,55,130,1.5,Q-Learning,3,SUCCESS,,10.909015598608349,0.1682713804044655,5.64960528661487,5.576370500523285,439.4689999990078,55->228->130
11,55,130,1.5,Q-Learning,4,SUCCESS,,14.161372580901622,0.13047411541523665,3.3533174925319784,5.8564373572454365,492.66850000094564,55->77->130
11,55,130,1.5,Q-Learning,5,SUCCESS,,21.313526317360058,0.11109026683729421,4.31511025127756,8.537260958219496,379.670399999668,55->122->130
11,55,130,1.5,Simulated Annealing (SA),1,SUCCESS,,9.594604860482661,0.15970519439583136,5.853824651083745,5.209222699478376,12.120800000047893,55->12->130
11,55,130,1.5,Simulated Annealing (SA),2,SUCCESS,,9.594604860482661,0.15970519439583136,5.853824651083745,5.209222699478376,12.1701000007306,55->12->130
11,55,130,1.5,Simulated Annealing (SA),3,SUCCESS,,9.594604860482661,0.15970519439583136,5.853824651083745,5.209222699478376,12.230899999849498,55->12->130
11,55,130,1.5,Simulated Annealing (SA),4,SUCCESS,,9.594604860482661,0.15970519439583136,5.853824651083745,5.209222699478376,12.221299999509938,55->12->130
11,55,130,1.5,Simulated Annealing (SA),5,SUCCESS,,9.594604860482661,0.15970519439583136,5.853824651083745,5.209222699478376,12.256199999683304,55->12->130
12,60,170,2.0,ACO (Ant Colony),1,SUCCESS,,7.546486637313324,0.027082795056491114,2.738911054079215,3.4305076710689724,1338.0541000005906,60->170
12,60,170,2.0,ACO (Ant Colony),2,SUCCESS,,7.546486637313324,0.027082795056491114,2.738911054079215,3.4305076710689724,1250.4093999996257,60->170
12,60,170,2.0,ACO (Ant Colony),3,SUCCESS,,10.04738559968116,0.0882218353428949,3.10432469044848,4.400220848310422,2648.427100000845,60->245->170
12,60,170,2.0,ACO (Ant Colony),4,SUCCESS,,7.546486637313324,0.027082795056491114,2.738911054079215,3.4305076710689724,716.3624999993772,60->170
12,60,170,2.0,ACO (Ant Colony),5,SUCCESS,,7.546486637313324,0.027082795056491114,2.738911054079215,3.4305076710689724,1462.1007000005193,60->170
12,60,170,2.0,Genetik (GA),1,SUCCESS,,24.59045256615105,0.08285356653123666,7.227057713102244,10.599390646239918,4513.236500000858,60->123->170
12,60,170,2.0,Genetik (GA),2,SUCCESS,,7.546486637313324,0.027082795056491114,2.738911054079215,3.4305076710689724,662.659599998733,60->170
12,60,170,2.0,Genetik (GA),3,SUCCESS,,9.719086788681357,0.10758056910170492,5.655207060380164,5.165570628597667,4761.396499998227,60->243->170
12,60,170,2.0,Genetik (GA),4,SUCCESS,,7.546486637313324,0.027082795056491114,2.738911054079215,3.4305076710689724,528.3070000004955,60->170
12,60,170,2.0,Genetik (GA),5,SUCCESS,,7.546486637313324,0.027082795056491114,2.738911054079215,3.4305076710689724,4903.865599999335,60->170
12,60,170,2.0,Q-Learning,1,SUCCESS,,7.546486637313324,0.027082795056491114,2.738911054079215,3.4305076710689724,359.866000000693,60->170
12,60,170,2.0,Q-Learning,2,SUCCESS,,7.546486637313324,0.027082795056491114,2.738911054079215,3.4305076710689724,368.31270000038785,60->170
12,60,170,2.0,Q-Learning,3,SUCCESS,,7.546486637313324,0.027082795056491114,2.738911054079215,3.4305076710689724,370.58280000019295,60->170
12,60,170,2.0,Q-Learning,4,SUCCESS,,10.864216543760897,0.0866520969102863,4.427400899173868,5.119102957140606,464.60259999912523,60->230->170
12,60,170,2.0,Q-Learning,5,SUCCESS,,7.546486637313324,0.027082795056491114,2.738911054079215,3.4305076710689724,360.1118000005954,60->170
12,60,170,2.0,Simulated Annealing (SA),1,SUCCESS,,7.546486637313324,0.027082795056491114,2.738911054079215,3.4305076710689724,14.703900000313297,60->170
12,60,170,2.0,Simulated Annealing (SA),2,SUCCESS,,7.546486637313324,0.027082795056491114,2.738911054079215,3.4305076710689724,12.384799998471863,60->170
12,60,170,2.0,Simulated Annealing (SA),3,SUCCESS,,7.546486637313324,0.027082795056491114,2.738911054079215,3.4305076710689724,6.17690000035509,60->170
12,60,170,2.0,Simulated Annealing (SA),4,SUCCESS,,7.546486637313324,0.027082795056491114,2.738911054079215,3.4305076710689724,6.2124999985826435,60->170
12,60,170,2.0,Simulated Annealing (SA),5,SUCCESS,,7.546486637313324,0.027082795056491114,2.738911054079215,3.4305076710689724,15.316099999836297,60->170
13,65,90,0.5,ACO (Ant Colony),1,SUCCESS,,8.649338905981983,0.024578166219221674,1.4496442489856816,3.3552716784815297,1294.9133000001893,65->90
13,65,90,0.5,ACO (Ant Colony),2,SUCCESS,,18.299558207461523,0.08960079346751773,9.05324915127575,9.146527181740339,3305.623899999773,65->52->90
13,65,90,0.5,ACO (Ant Colony),3,SUCCESS,,9.648316332278394,0.11112595292749203,3.421041789713268,4.383770162620453,1752.323400000023,65->56->90
13,65,90,0.5,ACO (Ant Colony),4,SUCCESS,,16.53723358430193,0.10323675403746546,2.6574435272511536,6.394886010917394,1995.2434999995603,65->66->90
13,65,90,0.5,ACO (Ant Colony),5,SUCCESS,,8.649338905981983,0.024578166219221674,1.4496442489856816,3.3552716784815297,2264.778300001126,65->90
13,65,90,0.5,Genetik (GA),1,SUCCESS,,8.649338905981983,0.024578166219221674,1.4496442489856816,3.3552716784815297,575.8348999988812,65->90
13,65,90,0.5,Genetik (GA),2,SUCCESS,,8.649338905981983,0.024578166219221674,1.4496442489856816,3.3552716784815297,510.7699000000139,65->90
13,65,90,0.5,Genetik (GA),3,SUCCESS,,17.932230545517328,0.06302036606914485,4.415311920346716,7.439638853741421,4533.21700000015,65->49->234->90
13,65,90,0.5,Genetik (GA),4,SUCCESS,,25.785647591714767,0.13298904330718406,4.697094579527683,10.150162246596656,4243.6552999988635,65->153->189->90
13,65,90,0.5,Genetik (GA),5,SUCCESS,,8.649338905981983,0.024578166219221674,1.4496442489856816,3.3552716784815297,693.9482999987376,65->90
13,65,90,0.5,Q-Learning,1,SUCCESS,,21.66853789155956,0.06897795342677265,8.159759490882367,9.947698455745494,456.9953999998688,65->88->90
13,65,90,0.5,Q-Learning,2,SUCCESS,,22.13243058434993,0.09260797786729062,4.897155054477707,8.999295444054104,458.3013999999821,65->182->90
13,65,90,0.5,Q-Learning,3,SUCCESS,,8.649338905981983,0.024578166219221674,1.4496442489856816,3.3552716784815297,359.5679000009113,65->90
13,65,90,0.5,Q-Learning,4,SUCCESS,,26.188427789446735,0.11376323146076164,4.370703997099367,10.16576239591326,499.0071000011085,65->171->90
13,65,90,0.5,Q-Learning,5,SUCCESS,,8.649338905981983,0.024578166219221674,1.4496442489856816,3.3552716784815297,376.27579999934824,65->90
13,65,90,0.5,Simulated Annealing (SA),1,SUCCESS,,8.649338905981983,0.024578166219221674,1.4496442489856816,3.3552716784815297,16.854900000907946,65->90
13,65,90,0.5,Simulated Annealing (SA),2,SUCCESS,,8.649338905981983,0.024578166219221674,1.4496442489856816,3.3552716784815297,16.717700000299374,65->90
13,65,90,0.5,Simulated Annealing (SA),3,SUCCESS,,8.649338905981983,0.024578166219221674,1.4496442489856816,3.3552716784815297,18.740299999990384,65->90
13,65,90,0.5,Simulated Annealing (SA),4,SUCCESS,,8.649338905981983,0.024578166219221674,1.4496442489856816,3.3552716784815297,16.073500000857166,65->90
13,65,90,0.5,Simulated Annealing (SA),5,SUCCESS,,8.649338905981983,0.024578166219221674,1.4496442489856816,3.3552716784815297,18.330799999603187,65->90
14,70,210,1.0,ACO (Ant Colony),1,SUCCESS,,20.180863383688926,0.16767106515591135,2.4481912717516368,7.547401400514354,2738.098699999682,70->214->210
14,70,210,1.0,ACO (Ant Colony),2,SUCCESS,,19.427255724299076,0.16066308370850582,3.0441667123224274,7.499029888832127,2930.42400000013,70->71->210
14,70,210,1.0,ACO (Ant Colony),3,SUCCESS,,12.600153289793251,0.10399647138906408,5.915898762734078,6.203775000519752,1560.2058000004035,70->38->210
14,70,210,1.0,ACO (Ant Colony),4,SUCCESS,,18.870959321539043,0.19804791039334288,3.531135454669494,7.4933584411253165,2707.674900000711,70->180->210
14,70,210,1.0,ACO (Ant Colony),5,SUCCESS,,20.180863383688926,0.16767106515591135,2.4481912717516368,7.547401400514354,1790.6766000014613,70->214->210
14,70,210,1.0,Genetik (GA),1,SUCCESS,,36.58231646271311,0.25118129855694804,9.070208032698636,15.238924992336656,4308.455200000026,70->169->130->50->161->210
14,70,210,1.0,Genetik (GA),2,SUCCESS,,22.676569537927694,0.19604719257633715,5.022524551752695,9.255621868662246,2656.2948000009783,70->23->210
14,70,210,1.0,Genetik (GA),3,SUCCESS,,19.85592056659413,0.14508913602886106,3.6500178708494273,7.8413392779543925,2453.022100000453,70->93->210
14,70,210,1.0,Genetik (GA),4,SUCCESS,,24.171955146487775,0.21537568885136602,5.226763279538021,9.824918690704845,3868.8517000009597,70->188->223->210
14,70,210,1.0,Genetik (GA),5,SUCCESS,,25.29234638114102,0.31730223516862766,5.272406861936444,10.243802376440575,4383.041299999604,70->134->198->143->210
14,70,210,1.0,Q-Learning,1,SUCCESS,,22.620315334992682,0.16430172092185702,12.310172307844834,11.704382213119043,499.3150999998761,70->44->210
14,70,210,1.0,Q-Learning,2,SUCCESS,,21.154104515230312,0.13296452942115855,5.865227580345703,9.018910162052524,455.01169999988633,70->79->210
14,70,210,1.0,Q-Learning,3,SUCCESS,,12.623712578136743,0.1689528889108405,2.2260986308728334,4.978453138622466,481.9563000000926,70->31->210
14,70,210,1.0,Q-Learning,4,SUCCESS,,13.58257767534068,0.20375672520991253,2.417035074493966,5.3712822775096445,487.62150000038673,70->143->210
14,70,210,1.0,Q-Learning,5,SUCCESS,,18.563719873868276,0.1950286889713157,6.204707890167842,8.29998770839413,503.39159999930416,70->48->210
14,70,210,1.0,Simulated Annealing (SA),1,SUCCESS,,10.711984786661267,0.14640960524611726,2.7330192531384467,4.512496695396509,16.581400001086877,70->9->210
14,70,210,1.0,Simulated Annealing (SA),2,SUCCESS,,10.711984786661267,0.14640960524611726,2.7330192531384467,4.512496695396509,15.377699999589822,70->9->210
14,70,210,1.0,Simulated Annealing (SA),3,SUCCESS,,10.711984786661267,0.14640960524611726,2.7330192531384467,4.512496695396509,15.169799999057432,70->9->210
14,70,210,1.0,Simulated Annealing (SA),4,SUCCESS,,10.711984786661267,0.14640960524611726,2.7330192531384467,4.512496695396509,14.897900000505615,70->9->210
14,70,210,1.0,Simulated Annealing (SA),5,SUCCESS,,10.711984786661267,0.14640960524611726,2.7330192531384467,4.512496695396509,15.505899998970563,70->9->210
15,75,140,1.5,ACO (Ant Colony),1,SUCCESS,,23.20253729551914,0.15529923330721784,5.0841148993478384,9.436685120290964,2743.177000000287,75->239->159->140
15,75,140,1.5,ACO (Ant Colony),2,SUCCESS,,11.455924030108378,0.12296376972472282,2.7373161995141126,4.751720481779722,1259.590699999535,75->114->140
15,75,140,1.5,ACO (Ant Colony),3,SUCCESS,,11.89272661151486,0.12782163566692373,3.8816359611961166,5.286537148376668,1544.3143000011332,75->149->140
15,75,140,1.5,ACO (Ant Colony),4,SUCCESS,,22.692239136582998,0.12790011056314946,2.1664449730296242,8.267237242388301,1793.177100000321,75->153->140
15,75,140,1.5,ACO (Ant Colony),5,SUCCESS,,11.455924030108378,0.12296376972472282,2.7373161995141126,4.751720481779722,1426.8240000001242,75->114->140
15,75,140,1.5,Genetik (GA),1,SUCCESS,,19.977530107964984,0.19067321065439113,6.9573891955551765,9.021019421633156,2477.890500000285,75->198->145->140
15,75,140,1.5,Genetik (GA),2,SUCCESS,,17.968649289579382,0.1044358255465968,3.4710565691737347,7.144277321510643,2443.368099999134,75->226->140
15,75,140,1.5,Genetik (GA),3,SUCCESS,,15.584165735174965,0.16694759793475242,2.973898639699842,6.208992937424153,2596.3799000001018,75->13->140
15,75,140,1.5,Genetik (GA),4,SUCCESS,,37.782452152875166,0.3053391059527566,8.992609600848283,15.626458379701631,2434.86810000104,75->119->126->189->140
15,75,140,1.5,Genetik (GA),5,SUCCESS,,45.54137642725898,0.2998519820851609,10.398765846160362,18.66318576277809,2399.5562000000064,75->158->10->81->233->140
15,75,140,1.5,Q-Learning,1,SUCCESS,,21.273796666992226,0.10882084776084706,6.643291870759147,9.314983015926625,301.0675000004994,75->90->140
15,75,140,1.5,Q-Learning,2,SUCCESS,,16.886972752953042,0.1515390219013995,2.1925777567944067,6.368185323012065,317.73659999998927,75->73->140
15,75,140,1.5,Q-Learning,3,SUCCESS,,26.01753504703353,0.10542428771338402,2.651789036119329,9.522184852747053,285.02859999935026,75->222->140
15,75,140,1.5,Q-Learning,4,SUCCESS,,15.515192062968731,0.07820492005034257,5.617296949874326,7.055701967353565,256.61460000083025,75->200->140
15,75,140,1.5,Q-Learning,5,SUCCESS,,28.925013492230523,0.19189344604432046,9.72278589578038,12.914326494196029,354.61020000002463,75->203->244->140
15,75,140,1.5,Simulated Annealing (SA),1,SUCCESS,,11.455924030108378,0.12296376972472282,2.7373161995141126,4.751720481779722,7.529200000135461,75->114->140
15,75,140,1.5,Simulated Annealing (SA),2,SUCCESS,,11.455924030108378,0.12296376972472282,2.7373161995141126,4.751720481779722,7.938000000649481,75->114->140
15,75,140,1.5,Simulated Annealing (SA),3,SUCCESS,,11.455924030108378,0.12296376972472282,2.7373161995141126,4.751720481779722,7.439199998771073,75->114->140
15,75,140,1.5,Simulated Annealing (SA),4,SUCCESS,,11.455924030108378,0.12296376972472282,2.7373161995141126,4.751720481779722,7.457499999873107,75->114->140
15,75,140,1.5,Simulated Annealing (SA),5,SUCCESS,,11.455924030108378,0.12296376972472282,2.7373161995141126,4.751720481779722,7.312899999305955,75->114->140
16,80,230,2.0,ACO (Ant Colony),1,SUCCESS,,17.048908462893177,0.1341678366193329,3.1193778705158053,6.731003654814502,1316.2290000000212,80->6->230
16,80,230,2.0,ACO (Ant Colony),2,SUCCESS,,18.163892948750004,0.09984897112684701,4.2035127984616505,7.456229185036322,1495.8936000002723,80->73->230
16,80,230,2.0,ACO (Ant Colony),3,SUCCESS,,21.097875889067844,0.15787016873042764,6.668247718931281,9.281600423510065,1863.706699999966,80->144->230
16,80,230,2.0,ACO (Ant Colony),4,SUCCESS,,17.401364419423995,0.10028164475430489,3.445409567258975,6.946982454046891,1385.2260000003298,80->227->230
16,80,230,2.0,ACO (Ant Colony),5,SUCCESS,,13.286236640224109,0.11400804133505864,4.100401657706928,5.81621730853488,1019.3759000012506,80->161->230
16,80,230,2.0,Genetik (GA),1,SUCCESS,,43.67638717385532,0.22820807844774632,11.73556953996044,18.478610076846564,2425.804300000891,80->64->208->66->119->230
16,80,230,2.0,Genetik (GA),2,SUCCESS,,20.10992454805692,0.09609117752510028,2.8833216504194232,7.648314550584671,2498.8629999988916,80->170->230
16,80,230,2.0,Genetik (GA),3,SUCCESS,,27.220200819016995,0.14834601374832326,4.838678913170038,10.676771285290368,2367.1694999993633,80->208->245->230
16,80,230,2.0,Genetik (GA),4,SUCCESS,,28.335337492885504,0.18648612229996692,7.736539823561652,12.042625333022169,2555.5760999995982,80->191->60->230
16,80,230,2.0,Genetik (GA),5,SUCCESS,,20.267967063812314,0.19752201555594265,4.95668913480686,8.438885702025857,2643.467800000508,80->12->238->230
16,80,230,2.0,Q-Learning,1,SUCCESS,,16.354695214241744,0.14940431410770988,4.82296293555749,7.086160242444866,549.7097999996186,80->180->230
16,80,230,2.0,Q-Learning,2,SUCCESS,,32.555482146018214,0.1549625120963085,10.226487621201525,14.271452528386313,721.5352000002895,80->0->96->230
16,80,230,2.0,Q-Learning,3,SUCCESS,,10.459764941539264,0.12525075786334916,4.880318094424705,5.152363332907262,455.2462999999989,80->224->230
16,80,230,2.0,Q-Learning,4,SUCCESS,,10.459764941539264,0.12525075786334916,4.880318094424705,5.152363332907262,499.18889999935345,80->224->230
16,80,230,2.0,Q-Learning,5,SUCCESS,,10.459764941539264,0.12525075786334916,4.880318094424705,5.152363332907262,457.08039999954053,80->224->230
16,80,230,2.0,Simulated Annealing (SA),1,SUCCESS,,10.459764941539264,0.12525075786334916,4.880318094424705,5.152363332907262,22.86860000094748,80->224->230
16,80,230,2.0,Simulated Annealing (SA),2,SUCCESS,,10.459764941539264,0.12525075786334916,4.880318094424705,5.152363332907262,22.12369999870134,80->224->230
16,80,230,2.0,Simulated Annealing (SA),3,SUCCESS,,10.459764941539264,0.12525075786334916,4.880318094424705,5.152363332907262,21.776499999759835,80->224->230
16,80,230,2.0,Simulated Annealing (SA),4,SUCCESS,,10.459764941539264,0.12525075786334916,4.880318094424705,5.152363332907262,22.494799999549286,80->224->230
16,80,230,2.0,Simulated Annealing (SA),5,SUCCESS,,10.459764941539264,0.12525075786334916,4.880318094424705,5.152363332907262,23.082899999280926,80->224->230
17,85,110,0.5,ACO (Ant Colony),1,SUCCESS,,4.052330306163507,0.06002272929835757,1.8565616840184649,1.9883074742686935,2493.7952000000223,85->110
17,85,110,0.5,ACO (Ant Colony),2,SUCCESS,,4.052330306163507,0.06002272929835757,1.8565616840184649,1.9883074742686935,768.7299999997776,85->110
17,85,110,0.5,ACO (Ant Colony),3,SUCCESS,,4.052330306163507,0.06002272929835757,1.8565616840184649,1.9883074742686935,1087.0950999997149,85->110
17,85,110,0.5,ACO (Ant Colony),4,SUCCESS,,4.052330306163507,0.06002272929835757,1.8565616840184649,1.9883074742686935,812.6675000003161,85->110
17,85,110,0.5,ACO (Ant Colony),5,SUCCESS,,4.052330306163507,0.06002272929835757,1.8565616840184649,1.9883074742686935,972.5033000013354,85->110
17,85,110,0.5,Genetik (GA),1,SUCCESS,,4.052330306163507,0.06002272929835757,1.8565616840184649,1.9883074742686935,560.0570999995398,85->110
17,85,110,0.5,Genetik (GA),2,SUCCESS,,34.28699983569331,0.17594590760470188,3.4914751169289073,12.559873635044173,4873.351000000184,85->217->233->110
17,85,110,0.5,Genetik (GA),3,SUCCESS,,14.737013016748822,0.16679551194732156,2.1221525450216543,5.63978867977709,4464.678300000742,85->187->110
17,85,110,0.5,Genetik (GA),4,SUCCESS,,19.0004969111042,0.1581665817238447,2.9539625932404885,7.326706234335021,4856.707099999767,85->81->110
17,85,110,0.5,Genetik (GA),5,SUCCESS,,4.052330306163507,0.06002272929835757,1.8565616840184649,1.9883074742686935,609.4486999991204,85->110
17,85,110,0.5,Q-Learning,1,SUCCESS,,4.052330306163507,0.06002272929835757,1.8565616840184649,1.9883074742686935,343.3150000000751,85->110
17,85,110,0.5,Q-Learning,2,SUCCESS,,4.052330306163507,0.06002272929835757,1.8565616840184649,1.9883074742686935,318.6411999995471,85->110
17,85,110,0.5,Q-Learning,3,SUCCESS,,4.052330306163507,0.06002272929835757,1.8565616840184649,1.9883074742686935,385.67759999932605,85->110
17,85,110,0.5,Q-Learning,4,SUCCESS,,4.052330306163507,0.06002272929835757,1.8565616840184649,1.9883074742686935,346.78680000070017,85->110
17,85,110,0.5,Q-Learning,5,SUCCESS,,4.052330306163507,0.06002272929835757,1.8565616840184649,1.9883074742686935,303.2823000012286,85->110
17,85,110,0.5,Simulated Annealing (SA),1,SUCCESS,,4.052330306163507,0.06002272929835757,1.8565616840184649,1.9883074742686935,4.893199999060016,85->110
17,85,110,0.5,Simulated Annealing (SA),2,SUCCESS,,4.052330306163507,0.06002272929835757,1.8565616840184649,1.9883074742686935,4.419599999891943,85->110
17,85,110,0.5,Simulated Annealing (SA),3,SUCCESS,,4.052330306163507,0.06002272929835757,1.8565616840184649,1.9883074742686935,4.2881000008492265,85->110
17,85,110,0.5,Simulated Annealing (SA),4,SUCCESS,,4.052330306163507,0.06002272929835757,1.8565616840184649,1.9883074742686935,4.46639999972831,85->110
17,85,110,0.5,Simulated Annealing (SA),5,SUCCESS,,4.052330306163507,0.06002272929835757,1.8565616840184649,1.9883074742686935,4.95020000016666,85->110
18,90,160,1.0,ACO (Ant Colony),1,SUCCESS,,20.769437026190587,0.09109581045648772,4.022637122704259,8.251672457812983,2754.4938000010006,90->83->160
18,90,160,1.0,ACO (Ant Colony),2,SUCCESS,,46.477115639037265,0.20098024008964954,6.086715696433685,17.473254976899334,3100.285200000144,90->213->153->175->160
18,90,160,1.0,ACO (Ant Colony),3,SUCCESS,,26.399748754179434,0.1904516681346963,6.278490716038315,10.90945298281669,2922.6510999997117,90->89->151->160
18,90,160,1.0,ACO (Ant Colony),4,SUCCESS,,17.425772520706342,0.12408710233997416,5.641293705248936,7.709493535389924,1863.209499999357,90->43->160
18,90,160,1.0,ACO (Ant Colony),5,SUCCESS,,22.780502085252817,0.1129312954336488,4.056322917246293,8.933982807490272,2974.5857999987493,90->79->160
18,90,160,1.0,Genetik (GA),1,SUCCESS,,22.61319061548951,0.20450821414726184,4.5390203301070295,9.073107526016527,5211.270399999194,90->81->77->160
18,90,160,1.0,Genetik (GA),2,SUCCESS,,44.87615075369687,0.15489775496702424,8.537605369686926,17.763031833552642,5481.849800000418,90->73->164->32->160
18,90,160,1.0,Genetik (GA),3,SUCCESS,,22.453929489788315,0.11139307832340402,4.451282963459597,8.959992655053131,4860.578099998747,90->15->160
18,90,160,1.0,Genetik (GA),4,SUCCESS,,29.128140536891035,0.21231400432851086,4.594056856924721,11.244329329956855,5040.182400000049,90->220->133->160
18,90,160,1.0,Genetik (GA),5,SUCCESS,,43.59509568404333,0.23817804246811125,7.241457160703521,16.927075764387972,5758.677100000568,90->199->69->20->160
18,90,160,1.0,Q-Learning,1,SUCCESS,,22.780502085252817,0.1129312954336488,4.056322917246293,8.933982807490272,459.1125999995711,90->79->160
18,90,160,1.0,Q-Learning,2,SUCCESS,,30.355081436215244,0.15102121494453585,16.188906407524286,15.571242053440987,630.6285000009666,90->37->177->160
18,90,160,1.0,Q-Learning,3,SUCCESS,,12.949978933752408,0.1219593760115966,3.623250694889322,5.5456448784844925,470.47420000126294,90->42->160
18,90,160,1.0,Q-Learning,4,SUCCESS,,37.21225428981635,0.1409215933336576,6.126158732952603,14.409442010643389,584.0019000006578,90->68->83->160
18,90,160,1.0,Q-Learning,5,SUCCESS,,41.45783284731555,0.12512082347542003,6.963819474538526,16.090073332704122,584.0977000007115,90->147->212->160
18,90,160,1.0,Simulated Annealing (SA),1,SUCCESS,,9.471929438616902,0.11207577691702617,2.33383043135579,3.956224067787165,11.857600000439561,90->190->160
18,90,160,1.0,Simulated Annealing (SA),2,SUCCESS,,9.471929438616902,0.11207577691702617,2.33383043135579,3.956224067787165,11.99319999977888,90->190->160
18,90,160,1.0,Simulated Annealing (SA),3,SUCCESS,,9.471929438616902,0.11207577691702617,2.33383043135579,3.956224067787165,11.517200000525918,90->190->160
18,90,160,1.0,Simulated Annealing (SA),4,SUCCESS,,9.471929438616902,0.11207577691702617,2.33383043135579,3.956224067787165,12.282499999855645,90->190->160
18,90,160,1.0,Simulated Annealing (SA),5,SUCCESS,,9.471929438616902,0.11207577691702617,2.33383043135579,3.956224067787165,11.860900000101537,90->190->160
19,95,200,1.5,ACO (Ant Colony),1,SUCCESS,,20.378636110933414,0.11188502120554088,8.309872820050353,9.587228732422975,2344.579000000522,95->221->200
19,95,200,1.5,ACO (Ant Colony),2,SUCCESS,,21.978789200157077,0.11933549863837792,3.2409347618988376,8.394298969648105,1899.7638000000734,95->176->200
19,95,200,1.5,ACO (Ant Colony),3,SUCCESS,,12.285900415603509,0.07227119764029732,2.8252825113911055,5.038792686243432,1879.577199999403,95->136->200
19,95,200,1.5,ACO (Ant Colony),4,SUCCESS,,21.60264399829962,0.17197164621135513,4.172624673542867,8.604315551693196,2609.737299999324,95->54->48->200
19,95,200,1.5,ACO (Ant Colony),5,SUCCESS,,25.148759115358878,0.1998984760189086,4.019903908706838,9.731824334114995,1885.3615000007267,95->25->195->200
19,95,200,1.5,Genetik (GA),1,SUCCESS,,20.652865338893164,0.11877141994094748,4.846870020741229,8.502575937467276,2650.9421999999176,95->58->200
19,95,200,1.5,Genetik (GA),2,SUCCESS,,15.40171620160809,0.18270418916554984,5.1818545735637835,6.904689283966988,2238.81270000129,95->112->48->200
19,95,200,1.5,Genetik (GA),3,SUCCESS,,19.900955018305652,0.1636981563213968,4.804461089649028,8.254852318107595,2691.8019999993703,95->89->48->200
19,95,200,1.5,Genetik (GA),4,SUCCESS,,12.866113055869773,0.1638190375927004,7.91739005943487,6.991790211050472,2548.135099999854,95->161->200
19,95,200,1.5,Genetik (GA),5,SUCCESS,,21.398408127195857,0.19869003550208766,6.775705493743733,9.430782261563191,2714.7619999996095,95->112->246->106->200
19,95,200,1.5,Q-Learning,1,SUCCESS,,17.147947776814817,0.12578119810528993,11.412901380428176,9.580717031069216,288.71760000038194,95->247->200
19,95,200,1.5,Q-Learning,2,SUCCESS,,23.67176921261796,0.14496120495525897,6.596340400413956,10.102276773939908,289.90909999993164,95->223->200
19,95,200,1.5,Q-Learning,3,SUCCESS,,20.41558390480392,0.11186696594500653,2.836204761614546,7.738368406296091,309.5372999996471,95->165->200
19,95,200,1.5,Q-Learning,4,SUCCESS,,29.943190755895085,0.17363420513103847,9.349195155756538,13.117278590095845,337.3195999993186,95->120->201->200
19,95,200,1.5,Q-Learning,5,SUCCESS,,11.326046485269337,0.1498003173773158,3.977776178131487,5.139473345438102,316.21180000001914,95->134->200
19,95,200,1.5,Simulated Annealing (SA),1,SUCCESS,,10.94163840747063,0.11855784806764229,2.502757370256809,4.500802270214946,7.907000001068809,95->83->200
19,95,200,1.5,Simulated Annealing (SA),2,SUCCESS,,10.94163840747063,0.11855784806764229,2.502757370256809,4.500802270214946,8.243599999332218,95->83->200
19,95,200,1.5,Simulated Annealing (SA),3,SUCCESS,,10.94163840747063,0.11855784806764229,2.502757370256809,4.500802270214946,7.946499999889056,95->83->200
19,95,200,1.5,Simulated Annealing (SA),4,SUCCESS,,10.94163840747063,0.11855784806764229,2.502757370256809,4.500802270214946,7.85609999911685,95->83->200
19,95,200,1.5,Simulated Annealing (SA),5,SUCCESS,,10.94163840747063,0.11855784806764229,2.502757370256809,4.500802270214946,7.851399999708519,95->83->200
20,100,5,2.0,ACO (Ant Colony),1,SUCCESS,,17.862917244228566,0.07504196114804454,2.57828828855845,6.796144555884155,1011.1465000009048,100->147->5
20,100,5,2.0,ACO (Ant Colony),2,SUCCESS,,28.356883491420433,0.09282489186179382,4.276448863029334,10.84239637991311,1898.1707999992068,100->64->199->5
20,100,5,2.0,ACO (Ant Colony),3,SUCCESS,,21.43866024790794,0.06837476717353483,3.6364039410994335,8.333698894950695,1880.3446000001713,100->172->5
20,100,5,2.0,ACO (Ant Colony),4,SUCCESS,,20.33338430206315,0.1050885134205437,2.6031829848716983,7.629778243965997,1061.9654000001901,100->190->5
20,100,5,2.0,ACO (Ant Colony),5,SUCCESS,,14.618133111895158,0.09912593659432799,3.4455270984110262,6.02817469946128,1084.9032000005536,100->185->5
20,100,5,2.0,Genetik (GA),1,SUCCESS,,26.03763705716149,0.13324567021691333,6.6194538973471,10.887005625132886,3366.3118000004033,100->158->65->5
20,100,5,2.0,Genetik (GA),2,SUCCESS,,17.426529137763225,0.17225124904790498,6.353562464952897,7.967808765731657,4512.410299999829,100->198->143->5
20,100,5,2.0,Genetik (GA),3,SUCCESS,,30.43488320897105,0.21296952672461752,12.03688609532406,14.206332675189753,3378.8143000001583,100->36->172->32->5
20,100,5,2.0,Genetik (GA),4,SUCCESS,,33.03159560457289,0.1078141580140649,8.427995686811242,13.80152375516952,2203.7982999991073,100->204->126->5
20,100,5,2.0,Genetik (GA),5,SUCCESS,,41.55994879870458,0.2317332333709976,8.122068008239081,16.55275819338623,2250.0285000005533,100->3->231->139->108->5
20,100,5,2.0,Q-Learning,1,SUCCESS,,22.12668027861946,0.10925428576278431,3.534637517594559,8.53963516222829,314.8386000011669,100->65->5
20,100,5,2.0,Q-Learning,2,SUCCESS,,17.862917244228566,0.07504196114804454,2.57828828855845,6.796144555884155,303.77859999862267,100->147->5
20,100,5,2.0,Q-Learning,3,SUCCESS,,26.92484559387744,0.06239914913602943,2.746549610129942,9.839617632638625,299.8662999998487,100->199->5
20,100,5,2.0,Q-Learning,4,SUCCESS,,21.516765955937636,0.08034100064380442,5.038664847331023,8.840191343764424,295.2198999992106,100->171->5
20,100,5,2.0,Q-Learning,5,SUCCESS,,21.43866024790794,0.06837476717353483,3.6364039410994335,8.333698894950695,307.3280999997223,100->172->5
20,100,5,2.0,Simulated Annealing (SA),1,SUCCESS,,11.067065034478741,0.09740004084226611,2.8095991886644622,4.63953719900185,10.850599999685073,100->208->5
20,100,5,2.0,Simulated Annealing (SA),2,SUCCESS,,11.067065034478741,0.09740004084226611,2.8095991886644622,4.63953719900185,10.43770000069344,100->208->5
20,100,5,2.0,Simulated Annealing (SA),3,SUCCESS,,11.067065034478741,0.09740004084226611,2.8095991886644622,4.63953719900185,10.402600000816165,100->208->5
20,100,5,2.0,Simulated Annealing (SA),4,SUCCESS,,11.067065034478741,0.09740004084226611,2.8095991886644622,4.63953719900185,10.330300001442083,100->208->5
20,100,5,2.0,Simulated Annealing (SA),5,SUCCESS,,11.067065034478741,0.09740004084226611,2.8095991886644622,4.63953719900185,10.72530000055849,100->208->5
